FILE NAME,FILE PATH,FILE TYPE,FILE SIZE
IMG_0610.MOV,C:\Users\KEITHSE2556\OneDrive - UW-Eau Claire\Pictures\Old Laptop Pictures\iCloud Photos\Downloads\IMG_0610.MOV,MOV,157407050
IMG_0534.MOV,C:\Users\KEITHSE2556\OneDrive - UW-Eau Claire\Pictures\Old Laptop Pictures\iCloud Photos\Downloads\IMG_0534.MOV,MOV,156461744
IMG_0523.MOV,C:\Users\KEITHSE2556\OneDrive - UW-Eau Claire\Pictures\Old Laptop Pictures\iCloud Photos\Downloads\IMG_0523.MOV,MOV,80704694
IMG_0536.MOV,C:\Users\KEITHSE2556\OneDrive - UW-Eau Claire\Pictures\Old Laptop Pictures\iCloud Photos\Downloads\IMG_0536.MOV,MOV,47151944
IMG_0533.MOV,C:\Users\KEITHSE2556\OneDrive - UW-Eau Claire\Pictures\Old Laptop Pictures\iCloud Photos\Downloads\IMG_0533.MOV,MOV,70826348
IMG_0508.MOV,C:\Users\KEITHSE2556\OneDrive - UW-Eau Claire\Pictures\Old Laptop Pictures\iCloud Photos\Downloads\IMG_0508.MOV,MOV,147134762
IMG_0519.MOV,C:\Users\KEITHSE2556\OneDrive - UW-Eau Claire\Pictures\Old Laptop Pictures\iCloud Photos\Downloads\IMG_0519.MOV,MOV,70606241
IMG_0510.MOV,C:\Users\KEITHSE2556\OneDrive - UW-Eau Claire\Pictures\Old Laptop Pictures\iCloud Photos\Downloads\IMG_0510.MOV,MOV,162267076
IMG_0613.MOV,C:\Users\KEITHSE2556\OneDrive - UW-Eau Claire\Pictures\Old Laptop Pictures\iCloud Photos\Downloads\IMG_0613.MOV,MOV,179736029
IMG_0612.MOV,C:\Users\KEITHSE2556\OneDrive - UW-Eau Claire\Pictures\Old Laptop Pictures\iCloud Photos\Downloads\IMG_0612.MOV,MOV,484190647
IMG_0498.MOV,C:\Users\KEITHSE2556\OneDrive - UW-Eau Claire\Pictures\Old Laptop Pictures\iCloud Photos\Downloads\IMG_0498.MOV,MOV,50782368
IMG_0605.MOV,C:\Users\KEITHSE2556\OneDrive - UW-Eau Claire\Pictures\Old Laptop Pictures\iCloud Photos\Downloads\IMG_0605.MOV,MOV,366952685
IMG_0507.MOV,C:\Users\KEITHSE2556\OneDrive - UW-Eau Claire\Pictures\Old Laptop Pictures\iCloud Photos\Downloads\IMG_0507.MOV,MOV,26352076
IMG_0518.MOV,C:\Users\KEITHSE2556\OneDrive - UW-Eau Claire\Pictures\Old Laptop Pictures\iCloud Photos\Downloads\IMG_0518.MOV,MOV,63661292
IMG_0504.MOV,C:\Users\KEITHSE2556\OneDrive - UW-Eau Claire\Pictures\Old Laptop Pictures\iCloud Photos\Downloads\IMG_0504.MOV,MOV,101335053
IMG_0517.MOV,C:\Users\KEITHSE2556\OneDrive - UW-Eau Claire\Pictures\Old Laptop Pictures\iCloud Photos\Downloads\IMG_0517.MOV,MOV,249846858
IMG_0528.MOV,C:\Users\KEITHSE2556\OneDrive - UW-Eau Claire\Pictures\Old Laptop Pictures\iCloud Photos\Downloads\IMG_0528.MOV,MOV,69126069
IMG_0606.MOV,C:\Users\KEITHSE2556\OneDrive - UW-Eau Claire\Pictures\Old Laptop Pictures\iCloud Photos\Downloads\IMG_0606.MOV,MOV,270897278
IMG_0516.MOV,C:\Users\KEITHSE2556\OneDrive - UW-Eau Claire\Pictures\Old Laptop Pictures\iCloud Photos\Downloads\IMG_0516.MOV,MOV,84873000
"Would you rather pee cream, or spit it.PNG","C:\Users\KEITHSE2556\OneDrive - UW-Eau Claire\Pictures\Old Laptop Pictures\Favorites\Would you rather pee cream, or spit it.PNG",PNG,1058468
IMG_0685.PNG,C:\Users\KEITHSE2556\OneDrive - UW-Eau Claire\Pictures\Old Laptop Pictures\iCloud Photos\Downloads\IMG_0685.PNG,PNG,116856
Half her ass hanging out her ass.PNG,C:\Users\KEITHSE2556\OneDrive - UW-Eau Claire\Pictures\Old Laptop Pictures\Favorites\Half her ass hanging out her ass.PNG,PNG,952211
IMG_0333.PNG,C:\Users\KEITHSE2556\OneDrive - UW-Eau Claire\Pictures\Old Laptop Pictures\iCloud Photos\Downloads\IMG_0333.PNG,PNG,732210
ScreenRecording_03-11-2018 20-28-09.mp4,C:\Users\KEITHSE2556\OneDrive - UW-Eau Claire\Pictures\Old Laptop Pictures\iCloud Photos\Downloads\ScreenRecording_03-11-2018 20-28-09.mp4,mp4,8646284
Ben's dancing skills have always been legitimately decent.mp4,C:\Users\KEITHSE2556\OneDrive - UW-Eau Claire\Pictures\Old Laptop Pictures\Ben & Andrew\Ben's dancing skills have always been legitimately decent.mp4,mp4,4902968
ScreenRecording_03-11-2018 15-38-48.mp4,C:\Users\KEITHSE2556\OneDrive - UW-Eau Claire\Pictures\Old Laptop Pictures\iCloud Photos\Downloads\ScreenRecording_03-11-2018 15-38-48.mp4,mp4,19518209
T-Ry raging at video games.mp4,C:\Users\KEITHSE2556\OneDrive - UW-Eau Claire\Pictures\Old Laptop Pictures\Family\T-Ry raging at video games.mp4,mp4,6439648
ScreenRecording_03-05-2018 15-12-53.mp4,C:\Users\KEITHSE2556\OneDrive - UW-Eau Claire\Pictures\Old Laptop Pictures\iCloud Photos\Downloads\ScreenRecording_03-05-2018 15-12-53.mp4,mp4,4865026
ScreenRecording_03-11-2018 22-01-10.mp4,C:\Users\KEITHSE2556\OneDrive - UW-Eau Claire\Pictures\Old Laptop Pictures\iCloud Photos\Downloads\ScreenRecording_03-11-2018 22-01-10.mp4,mp4,24710158
IMG_0684.JPG,C:\Users\KEITHSE2556\OneDrive - UW-Eau Claire\Pictures\Old Laptop Pictures\iCloud Photos\Downloads\IMG_0684.JPG,JPG,140741
IMG_0682.JPG,C:\Users\KEITHSE2556\OneDrive - UW-Eau Claire\Pictures\Old Laptop Pictures\iCloud Photos\Downloads\IMG_0682.JPG,JPG,38727
IMG_0697.JPG,C:\Users\KEITHSE2556\OneDrive - UW-Eau Claire\Pictures\Old Laptop Pictures\iCloud Photos\Downloads\IMG_0697.JPG,JPG,238680
IMG_0687.JPG,C:\Users\KEITHSE2556\OneDrive - UW-Eau Claire\Pictures\Old Laptop Pictures\iCloud Photos\Downloads\IMG_0687.JPG,JPG,1332105
IMG_0683.JPG,C:\Users\KEITHSE2556\OneDrive - UW-Eau Claire\Pictures\Old Laptop Pictures\iCloud Photos\Downloads\IMG_0683.JPG,JPG,31897
IMG_0696.JPG,C:\Users\KEITHSE2556\OneDrive - UW-Eau Claire\Pictures\Old Laptop Pictures\iCloud Photos\Downloads\IMG_0696.JPG,JPG,92596
IMG_0693.JPG,C:\Users\KEITHSE2556\OneDrive - UW-Eau Claire\Pictures\Old Laptop Pictures\iCloud Photos\Downloads\IMG_0693.JPG,JPG,46860
IMG_0679.JPG,C:\Users\KEITHSE2556\OneDrive - UW-Eau Claire\Pictures\Old Laptop Pictures\iCloud Photos\Downloads\IMG_0679.JPG,JPG,164426
IMG_0686.JPG,C:\Users\KEITHSE2556\OneDrive - UW-Eau Claire\Pictures\Old Laptop Pictures\iCloud Photos\Downloads\IMG_0686.JPG,JPG,175089
Decent Picture #1.jpg,C:\Users\KEITHSE2556\OneDrive - UW-Eau Claire\Pictures\Old Laptop Pictures\iCloud Photos\Downloads\Decent Picture #1.jpg,jpg,1452079
